0,1,Index_0,m_2_Weather\2_SpatialModel\Big_Beef_30m_800m_Historic__PRISM_1981_2021\Site0_X_10_Y_24_1981_2021.csv
1,1,Index_1,m_2_Weather\2_SpatialModel\Big_Beef_30m_800m_Historic__PRISM_1981_2021\Site1_X_37_Y_24_1981_2021.csv
3,1,Index_2,m_2_Weather\2_SpatialModel\Big_Beef_30m_800m_Historic__PRISM_1981_2021\Site2_X_64_Y_24_1981_2021.csv
4,1,Index_3,m_2_Weather\2_SpatialModel\Big_Beef_30m_800m_Historic__PRISM_1981_2021\Site3_X_90_Y_24_1981_2021.csv
6,1,Index_4,m_2_Weather\2_SpatialModel\Big_Beef_30m_800m_Historic__PRISM_1981_2021\Site4_X_117_Y_24_1981_2021.csv
7,1,Index_5,m_2_Weather\2_SpatialModel\Big_Beef_30m_800m_Historic__PRISM_1981_2021\Site5_X_144_Y_24_1981_2021.csv
8,1,Index_6,m_2_Weather\2_SpatialModel\Big_Beef_30m_800m_Historic__PRISM_1981_2021\Site6_X_170_Y_24_1981_2021.csv
10,1,Index_7,m_2_Weather\2_SpatialModel\Big_Beef_30m_800m_Historic__PRISM_1981_2021\Site7_X_197_Y_24_1981_2021.csv
11,1,Index_8,m_2_Weather\2_SpatialModel\Big_Beef_30m_800m_Historic__PRISM_1981_2021\Site8_X_224_Y_24_1981_2021.csv
13,1,Index_9,m_2_Weather\2_SpatialModel\Big_Beef_30m_800m_Historic__PRISM_1981_2021\Site9_X_250_Y_24_1981_2021.csv
14,1,Index_10,m_2_Weather\2_SpatialModel\Big_Beef_30m_800m_Historic__PRISM_1981_2021\Site10_X_277_Y_24_1981_2021.csv
16,1,Index_11,m_2_Weather\2_SpatialModel\Big_Beef_30m_800m_Historic__PRISM_1981_2021\Site11_X_304_Y_24_1981_2021.csv
17,1,Index_12,m_2_Weather\2_SpatialModel\Big_Beef_30m_800m_Historic__PRISM_1981_2021\Site12_X_330_Y_24_1981_2021.csv
0,2,Index_13,m_2_Weather\2_SpatialModel\Big_Beef_30m_800m_Historic__PRISM_1981_2021\Site13_X_10_Y_50_1981_2021.csv
1,2,Index_14,m_2_Weather\2_SpatialModel\Big_Beef_30m_800m_Historic__PRISM_1981_2021\Site14_X_37_Y_50_1981_2021.csv
3,2,Index_15,m_2_Weather\2_SpatialModel\Big_Beef_30m_800m_Historic__PRISM_1981_2021\Site15_X_64_Y_50_1981_2021.csv
4,2,Index_16,m_2_Weather\2_SpatialModel\Big_Beef_30m_800m_Historic__PRISM_1981_2021\Site16_X_90_Y_50_1981_2021.csv
6,2,Index_17,m_2_Weather\2_SpatialModel\Big_Beef_30m_800m_Historic__PRISM_1981_2021\Site17_X_117_Y_50_1981_2021.csv
7,2,Index_18,m_2_Weather\2_SpatialModel\Big_Beef_30m_800m_Historic__PRISM_1981_2021\Site18_X_144_Y_50_1981_2021.csv
8,2,Index_19,m_2_Weather\2_SpatialModel\Big_Beef_30m_800m_Historic__PRISM_1981_2021\Site19_X_170_Y_50_1981_2021.csv
10,2,Index_20,m_2_Weather\2_SpatialModel\Big_Beef_30m_800m_Historic__PRISM_1981_2021\Site20_X_197_Y_50_1981_2021.csv
11,2,Index_21,m_2_Weather\2_SpatialModel\Big_Beef_30m_800m_Historic__PRISM_1981_2021\Site21_X_224_Y_50_1981_2021.csv
13,2,Index_22,m_2_Weather\2_SpatialModel\Big_Beef_30m_800m_Historic__PRISM_1981_2021\Site22_X_250_Y_50_1981_2021.csv
14,2,Index_23,m_2_Weather\2_SpatialModel\Big_Beef_30m_800m_Historic__PRISM_1981_2021\Site23_X_277_Y_50_1981_2021.csv
16,2,Index_24,m_2_Weather\2_SpatialModel\Big_Beef_30m_800m_Historic__PRISM_1981_2021\Site24_X_304_Y_50_1981_2021.csv
17,2,Index_25,m_2_Weather\2_SpatialModel\Big_Beef_30m_800m_Historic__PRISM_1981_2021\Site25_X_330_Y_50_1981_2021.csv
0,4,Index_26,m_2_Weather\2_SpatialModel\Big_Beef_30m_800m_Historic__PRISM_1981_2021\Site26_X_10_Y_77_1981_2021.csv
1,4,Index_27,m_2_Weather\2_SpatialModel\Big_Beef_30m_800m_Historic__PRISM_1981_2021\Site27_X_37_Y_77_1981_2021.csv
3,4,Index_28,m_2_Weather\2_SpatialModel\Big_Beef_30m_800m_Historic__PRISM_1981_2021\Site28_X_64_Y_77_1981_2021.csv
4,4,Index_29,m_2_Weather\2_SpatialModel\Big_Beef_30m_800m_Historic__PRISM_1981_2021\Site29_X_90_Y_77_1981_2021.csv
6,4,Index_30,m_2_Weather\2_SpatialModel\Big_Beef_30m_800m_Historic__PRISM_1981_2021\Site30_X_117_Y_77_1981_2021.csv
7,4,Index_31,m_2_Weather\2_SpatialModel\Big_Beef_30m_800m_Historic__PRISM_1981_2021\Site31_X_144_Y_77_1981_2021.csv
8,4,Index_32,m_2_Weather\2_SpatialModel\Big_Beef_30m_800m_Historic__PRISM_1981_2021\Site32_X_170_Y_77_1981_2021.csv
10,4,Index_33,m_2_Weather\2_SpatialModel\Big_Beef_30m_800m_Historic__PRISM_1981_2021\Site33_X_197_Y_77_1981_2021.csv
11,4,Index_34,m_2_Weather\2_SpatialModel\Big_Beef_30m_800m_Historic__PRISM_1981_2021\Site34_X_224_Y_77_1981_2021.csv
13,4,Index_35,m_2_Weather\2_SpatialModel\Big_Beef_30m_800m_Historic__PRISM_1981_2021\Site35_X_250_Y_77_1981_2021.csv
14,4,Index_36,m_2_Weather\2_SpatialModel\Big_Beef_30m_800m_Historic__PRISM_1981_2021\Site36_X_277_Y_77_1981_2021.csv
16,4,Index_37,m_2_Weather\2_SpatialModel\Big_Beef_30m_800m_Historic__PRISM_1981_2021\Site37_X_304_Y_77_1981_2021.csv
17,4,Index_38,m_2_Weather\2_SpatialModel\Big_Beef_30m_800m_Historic__PRISM_1981_2021\Site38_X_330_Y_77_1981_2021.csv
0,5,Index_39,m_2_Weather\2_SpatialModel\Big_Beef_30m_800m_Historic__PRISM_1981_2021\Site39_X_10_Y_104_1981_2021.csv
1,5,Index_40,m_2_Weather\2_SpatialModel\Big_Beef_30m_800m_Historic__PRISM_1981_2021\Site40_X_37_Y_104_1981_2021.csv
3,5,Index_41,m_2_Weather\2_SpatialModel\Big_Beef_30m_800m_Historic__PRISM_1981_2021\Site41_X_64_Y_104_1981_2021.csv
4,5,Index_42,m_2_Weather\2_SpatialModel\Big_Beef_30m_800m_Historic__PRISM_1981_2021\Site42_X_90_Y_104_1981_2021.csv
6,5,Index_43,m_2_Weather\2_SpatialModel\Big_Beef_30m_800m_Historic__PRISM_1981_2021\Site43_X_117_Y_104_1981_2021.csv
7,5,Index_44,m_2_Weather\2_SpatialModel\Big_Beef_30m_800m_Historic__PRISM_1981_2021\Site44_X_144_Y_104_1981_2021.csv
8,5,Index_45,m_2_Weather\2_SpatialModel\Big_Beef_30m_800m_Historic__PRISM_1981_2021\Site45_X_170_Y_104_1981_2021.csv
10,5,Index_46,m_2_Weather\2_SpatialModel\Big_Beef_30m_800m_Historic__PRISM_1981_2021\Site46_X_197_Y_104_1981_2021.csv
11,5,Index_47,m_2_Weather\2_SpatialModel\Big_Beef_30m_800m_Historic__PRISM_1981_2021\Site47_X_224_Y_104_1981_2021.csv
13,5,Index_48,m_2_Weather\2_SpatialModel\Big_Beef_30m_800m_Historic__PRISM_1981_2021\Site48_X_250_Y_104_1981_2021.csv
14,5,Index_49,m_2_Weather\2_SpatialModel\Big_Beef_30m_800m_Historic__PRISM_1981_2021\Site49_X_277_Y_104_1981_2021.csv
16,5,Index_50,m_2_Weather\2_SpatialModel\Big_Beef_30m_800m_Historic__PRISM_1981_2021\Site50_X_304_Y_104_1981_2021.csv
17,5,Index_51,m_2_Weather\2_SpatialModel\Big_Beef_30m_800m_Historic__PRISM_1981_2021\Site51_X_330_Y_104_1981_2021.csv
0,6,Index_52,m_2_Weather\2_SpatialModel\Big_Beef_30m_800m_Historic__PRISM_1981_2021\Site52_X_10_Y_130_1981_2021.csv
1,6,Index_53,m_2_Weather\2_SpatialModel\Big_Beef_30m_800m_Historic__PRISM_1981_2021\Site53_X_37_Y_130_1981_2021.csv
3,6,Index_54,m_2_Weather\2_SpatialModel\Big_Beef_30m_800m_Historic__PRISM_1981_2021\Site54_X_64_Y_130_1981_2021.csv
4,6,Index_55,m_2_Weather\2_SpatialModel\Big_Beef_30m_800m_Historic__PRISM_1981_2021\Site55_X_90_Y_130_1981_2021.csv
6,6,Index_56,m_2_Weather\2_SpatialModel\Big_Beef_30m_800m_Historic__PRISM_1981_2021\Site56_X_117_Y_130_1981_2021.csv
7,6,Index_57,m_2_Weather\2_SpatialModel\Big_Beef_30m_800m_Historic__PRISM_1981_2021\Site57_X_144_Y_130_1981_2021.csv
8,6,Index_58,m_2_Weather\2_SpatialModel\Big_Beef_30m_800m_Historic__PRISM_1981_2021\Site58_X_170_Y_130_1981_2021.csv
10,6,Index_59,m_2_Weather\2_SpatialModel\Big_Beef_30m_800m_Historic__PRISM_1981_2021\Site59_X_197_Y_130_1981_2021.csv
11,6,Index_60,m_2_Weather\2_SpatialModel\Big_Beef_30m_800m_Historic__PRISM_1981_2021\Site60_X_224_Y_130_1981_2021.csv
13,6,Index_61,m_2_Weather\2_SpatialModel\Big_Beef_30m_800m_Historic__PRISM_1981_2021\Site61_X_250_Y_130_1981_2021.csv
14,6,Index_62,m_2_Weather\2_SpatialModel\Big_Beef_30m_800m_Historic__PRISM_1981_2021\Site62_X_277_Y_130_1981_2021.csv
16,6,Index_63,m_2_Weather\2_SpatialModel\Big_Beef_30m_800m_Historic__PRISM_1981_2021\Site63_X_304_Y_130_1981_2021.csv
17,6,Index_64,m_2_Weather\2_SpatialModel\Big_Beef_30m_800m_Historic__PRISM_1981_2021\Site64_X_330_Y_130_1981_2021.csv
0,8,Index_65,m_2_Weather\2_SpatialModel\Big_Beef_30m_800m_Historic__PRISM_1981_2021\Site65_X_10_Y_157_1981_2021.csv
1,8,Index_66,m_2_Weather\2_SpatialModel\Big_Beef_30m_800m_Historic__PRISM_1981_2021\Site66_X_37_Y_157_1981_2021.csv
3,8,Index_67,m_2_Weather\2_SpatialModel\Big_Beef_30m_800m_Historic__PRISM_1981_2021\Site67_X_64_Y_157_1981_2021.csv
4,8,Index_68,m_2_Weather\2_SpatialModel\Big_Beef_30m_800m_Historic__PRISM_1981_2021\Site68_X_90_Y_157_1981_2021.csv
6,8,Index_69,m_2_Weather\2_SpatialModel\Big_Beef_30m_800m_Historic__PRISM_1981_2021\Site69_X_117_Y_157_1981_2021.csv
7,8,Index_70,m_2_Weather\2_SpatialModel\Big_Beef_30m_800m_Historic__PRISM_1981_2021\Site70_X_144_Y_157_1981_2021.csv
8,8,Index_71,m_2_Weather\2_SpatialModel\Big_Beef_30m_800m_Historic__PRISM_1981_2021\Site71_X_170_Y_157_1981_2021.csv
10,8,Index_72,m_2_Weather\2_SpatialModel\Big_Beef_30m_800m_Historic__PRISM_1981_2021\Site72_X_197_Y_157_1981_2021.csv
11,8,Index_73,m_2_Weather\2_SpatialModel\Big_Beef_30m_800m_Historic__PRISM_1981_2021\Site73_X_224_Y_157_1981_2021.csv
13,8,Index_74,m_2_Weather\2_SpatialModel\Big_Beef_30m_800m_Historic__PRISM_1981_2021\Site74_X_250_Y_157_1981_2021.csv
14,8,Index_75,m_2_Weather\2_SpatialModel\Big_Beef_30m_800m_Historic__PRISM_1981_2021\Site75_X_277_Y_157_1981_2021.csv
16,8,Index_76,m_2_Weather\2_SpatialModel\Big_Beef_30m_800m_Historic__PRISM_1981_2021\Site76_X_304_Y_157_1981_2021.csv
17,8,Index_77,m_2_Weather\2_SpatialModel\Big_Beef_30m_800m_Historic__PRISM_1981_2021\Site77_X_330_Y_157_1981_2021.csv
0,9,Index_78,m_2_Weather\2_SpatialModel\Big_Beef_30m_800m_Historic__PRISM_1981_2021\Site78_X_10_Y_184_1981_2021.csv
1,9,Index_79,m_2_Weather\2_SpatialModel\Big_Beef_30m_800m_Historic__PRISM_1981_2021\Site79_X_37_Y_184_1981_2021.csv
3,9,Index_80,m_2_Weather\2_SpatialModel\Big_Beef_30m_800m_Historic__PRISM_1981_2021\Site80_X_64_Y_184_1981_2021.csv
4,9,Index_81,m_2_Weather\2_SpatialModel\Big_Beef_30m_800m_Historic__PRISM_1981_2021\Site81_X_90_Y_184_1981_2021.csv
6,9,Index_82,m_2_Weather\2_SpatialModel\Big_Beef_30m_800m_Historic__PRISM_1981_2021\Site82_X_117_Y_184_1981_2021.csv
7,9,Index_83,m_2_Weather\2_SpatialModel\Big_Beef_30m_800m_Historic__PRISM_1981_2021\Site83_X_144_Y_184_1981_2021.csv
8,9,Index_84,m_2_Weather\2_SpatialModel\Big_Beef_30m_800m_Historic__PRISM_1981_2021\Site84_X_170_Y_184_1981_2021.csv
10,9,Index_85,m_2_Weather\2_SpatialModel\Big_Beef_30m_800m_Historic__PRISM_1981_2021\Site85_X_197_Y_184_1981_2021.csv
11,9,Index_86,m_2_Weather\2_SpatialModel\Big_Beef_30m_800m_Historic__PRISM_1981_2021\Site86_X_224_Y_184_1981_2021.csv
13,9,Index_87,m_2_Weather\2_SpatialModel\Big_Beef_30m_800m_Historic__PRISM_1981_2021\Site87_X_250_Y_184_1981_2021.csv
14,9,Index_88,m_2_Weather\2_SpatialModel\Big_Beef_30m_800m_Historic__PRISM_1981_2021\Site88_X_277_Y_184_1981_2021.csv
16,9,Index_89,m_2_Weather\2_SpatialModel\Big_Beef_30m_800m_Historic__PRISM_1981_2021\Site89_X_304_Y_184_1981_2021.csv
17,9,Index_90,m_2_Weather\2_SpatialModel\Big_Beef_30m_800m_Historic__PRISM_1981_2021\Site90_X_330_Y_184_1981_2021.csv
0,11,Index_91,m_2_Weather\2_SpatialModel\Big_Beef_30m_800m_Historic__PRISM_1981_2021\Site91_X_10_Y_210_1981_2021.csv
1,11,Index_92,m_2_Weather\2_SpatialModel\Big_Beef_30m_800m_Historic__PRISM_1981_2021\Site92_X_37_Y_210_1981_2021.csv
3,11,Index_93,m_2_Weather\2_SpatialModel\Big_Beef_30m_800m_Historic__PRISM_1981_2021\Site93_X_64_Y_210_1981_2021.csv
4,11,Index_94,m_2_Weather\2_SpatialModel\Big_Beef_30m_800m_Historic__PRISM_1981_2021\Site94_X_90_Y_210_1981_2021.csv
6,11,Index_95,m_2_Weather\2_SpatialModel\Big_Beef_30m_800m_Historic__PRISM_1981_2021\Site95_X_117_Y_210_1981_2021.csv
7,11,Index_96,m_2_Weather\2_SpatialModel\Big_Beef_30m_800m_Historic__PRISM_1981_2021\Site96_X_144_Y_210_1981_2021.csv
8,11,Index_97,m_2_Weather\2_SpatialModel\Big_Beef_30m_800m_Historic__PRISM_1981_2021\Site97_X_170_Y_210_1981_2021.csv
10,11,Index_98,m_2_Weather\2_SpatialModel\Big_Beef_30m_800m_Historic__PRISM_1981_2021\Site98_X_197_Y_210_1981_2021.csv
11,11,Index_99,m_2_Weather\2_SpatialModel\Big_Beef_30m_800m_Historic__PRISM_1981_2021\Site99_X_224_Y_210_1981_2021.csv
13,11,Index_100,m_2_Weather\2_SpatialModel\Big_Beef_30m_800m_Historic__PRISM_1981_2021\Site100_X_250_Y_210_1981_2021.csv
14,11,Index_101,m_2_Weather\2_SpatialModel\Big_Beef_30m_800m_Historic__PRISM_1981_2021\Site101_X_277_Y_210_1981_2021.csv
16,11,Index_102,m_2_Weather\2_SpatialModel\Big_Beef_30m_800m_Historic__PRISM_1981_2021\Site102_X_304_Y_210_1981_2021.csv
17,11,Index_103,m_2_Weather\2_SpatialModel\Big_Beef_30m_800m_Historic__PRISM_1981_2021\Site103_X_330_Y_210_1981_2021.csv
0,12,Index_104,m_2_Weather\2_SpatialModel\Big_Beef_30m_800m_Historic__PRISM_1981_2021\Site104_X_10_Y_237_1981_2021.csv
1,12,Index_105,m_2_Weather\2_SpatialModel\Big_Beef_30m_800m_Historic__PRISM_1981_2021\Site105_X_37_Y_237_1981_2021.csv
3,12,Index_106,m_2_Weather\2_SpatialModel\Big_Beef_30m_800m_Historic__PRISM_1981_2021\Site106_X_64_Y_237_1981_2021.csv
4,12,Index_107,m_2_Weather\2_SpatialModel\Big_Beef_30m_800m_Historic__PRISM_1981_2021\Site107_X_90_Y_237_1981_2021.csv
6,12,Index_108,m_2_Weather\2_SpatialModel\Big_Beef_30m_800m_Historic__PRISM_1981_2021\Site108_X_117_Y_237_1981_2021.csv
7,12,Index_109,m_2_Weather\2_SpatialModel\Big_Beef_30m_800m_Historic__PRISM_1981_2021\Site109_X_144_Y_237_1981_2021.csv
8,12,Index_110,m_2_Weather\2_SpatialModel\Big_Beef_30m_800m_Historic__PRISM_1981_2021\Site110_X_170_Y_237_1981_2021.csv
10,12,Index_111,m_2_Weather\2_SpatialModel\Big_Beef_30m_800m_Historic__PRISM_1981_2021\Site111_X_197_Y_237_1981_2021.csv
11,12,Index_112,m_2_Weather\2_SpatialModel\Big_Beef_30m_800m_Historic__PRISM_1981_2021\Site112_X_224_Y_237_1981_2021.csv
13,12,Index_113,m_2_Weather\2_SpatialModel\Big_Beef_30m_800m_Historic__PRISM_1981_2021\Site113_X_250_Y_237_1981_2021.csv
14,12,Index_114,m_2_Weather\2_SpatialModel\Big_Beef_30m_800m_Historic__PRISM_1981_2021\Site114_X_277_Y_237_1981_2021.csv
16,12,Index_115,m_2_Weather\2_SpatialModel\Big_Beef_30m_800m_Historic__PRISM_1981_2021\Site115_X_304_Y_237_1981_2021.csv
17,12,Index_116,m_2_Weather\2_SpatialModel\Big_Beef_30m_800m_Historic__PRISM_1981_2021\Site116_X_330_Y_237_1981_2021.csv
0,13,Index_117,m_2_Weather\2_SpatialModel\Big_Beef_30m_800m_Historic__PRISM_1981_2021\Site117_X_10_Y_264_1981_2021.csv
1,13,Index_118,m_2_Weather\2_SpatialModel\Big_Beef_30m_800m_Historic__PRISM_1981_2021\Site118_X_37_Y_264_1981_2021.csv
3,13,Index_119,m_2_Weather\2_SpatialModel\Big_Beef_30m_800m_Historic__PRISM_1981_2021\Site119_X_64_Y_264_1981_2021.csv
4,13,Index_120,m_2_Weather\2_SpatialModel\Big_Beef_30m_800m_Historic__PRISM_1981_2021\Site120_X_90_Y_264_1981_2021.csv
6,13,Index_121,m_2_Weather\2_SpatialModel\Big_Beef_30m_800m_Historic__PRISM_1981_2021\Site121_X_117_Y_264_1981_2021.csv
7,13,Index_122,m_2_Weather\2_SpatialModel\Big_Beef_30m_800m_Historic__PRISM_1981_2021\Site122_X_144_Y_264_1981_2021.csv
8,13,Index_123,m_2_Weather\2_SpatialModel\Big_Beef_30m_800m_Historic__PRISM_1981_2021\Site123_X_170_Y_264_1981_2021.csv
10,13,Index_124,m_2_Weather\2_SpatialModel\Big_Beef_30m_800m_Historic__PRISM_1981_2021\Site124_X_197_Y_264_1981_2021.csv
11,13,Index_125,m_2_Weather\2_SpatialModel\Big_Beef_30m_800m_Historic__PRISM_1981_2021\Site125_X_224_Y_264_1981_2021.csv
13,13,Index_126,m_2_Weather\2_SpatialModel\Big_Beef_30m_800m_Historic__PRISM_1981_2021\Site126_X_250_Y_264_1981_2021.csv
14,13,Index_127,m_2_Weather\2_SpatialModel\Big_Beef_30m_800m_Historic__PRISM_1981_2021\Site127_X_277_Y_264_1981_2021.csv
16,13,Index_128,m_2_Weather\2_SpatialModel\Big_Beef_30m_800m_Historic__PRISM_1981_2021\Site128_X_304_Y_264_1981_2021.csv
17,13,Index_129,m_2_Weather\2_SpatialModel\Big_Beef_30m_800m_Historic__PRISM_1981_2021\Site129_X_330_Y_264_1981_2021.csv
0,15,Index_130,m_2_Weather\2_SpatialModel\Big_Beef_30m_800m_Historic__PRISM_1981_2021\Site130_X_10_Y_290_1981_2021.csv
1,15,Index_131,m_2_Weather\2_SpatialModel\Big_Beef_30m_800m_Historic__PRISM_1981_2021\Site131_X_37_Y_290_1981_2021.csv
3,15,Index_132,m_2_Weather\2_SpatialModel\Big_Beef_30m_800m_Historic__PRISM_1981_2021\Site132_X_64_Y_290_1981_2021.csv
4,15,Index_133,m_2_Weather\2_SpatialModel\Big_Beef_30m_800m_Historic__PRISM_1981_2021\Site133_X_90_Y_290_1981_2021.csv
6,15,Index_134,m_2_Weather\2_SpatialModel\Big_Beef_30m_800m_Historic__PRISM_1981_2021\Site134_X_117_Y_290_1981_2021.csv
7,15,Index_135,m_2_Weather\2_SpatialModel\Big_Beef_30m_800m_Historic__PRISM_1981_2021\Site135_X_144_Y_290_1981_2021.csv
8,15,Index_136,m_2_Weather\2_SpatialModel\Big_Beef_30m_800m_Historic__PRISM_1981_2021\Site136_X_170_Y_290_1981_2021.csv
10,15,Index_137,m_2_Weather\2_SpatialModel\Big_Beef_30m_800m_Historic__PRISM_1981_2021\Site137_X_197_Y_290_1981_2021.csv
11,15,Index_138,m_2_Weather\2_SpatialModel\Big_Beef_30m_800m_Historic__PRISM_1981_2021\Site138_X_224_Y_290_1981_2021.csv
13,15,Index_139,m_2_Weather\2_SpatialModel\Big_Beef_30m_800m_Historic__PRISM_1981_2021\Site139_X_250_Y_290_1981_2021.csv
14,15,Index_140,m_2_Weather\2_SpatialModel\Big_Beef_30m_800m_Historic__PRISM_1981_2021\Site140_X_277_Y_290_1981_2021.csv
16,15,Index_141,m_2_Weather\2_SpatialModel\Big_Beef_30m_800m_Historic__PRISM_1981_2021\Site141_X_304_Y_290_1981_2021.csv
17,15,Index_142,m_2_Weather\2_SpatialModel\Big_Beef_30m_800m_Historic__PRISM_1981_2021\Site142_X_330_Y_290_1981_2021.csv
0,16,Index_143,m_2_Weather\2_SpatialModel\Big_Beef_30m_800m_Historic__PRISM_1981_2021\Site143_X_10_Y_317_1981_2021.csv
1,16,Index_144,m_2_Weather\2_SpatialModel\Big_Beef_30m_800m_Historic__PRISM_1981_2021\Site144_X_37_Y_317_1981_2021.csv
3,16,Index_145,m_2_Weather\2_SpatialModel\Big_Beef_30m_800m_Historic__PRISM_1981_2021\Site145_X_64_Y_317_1981_2021.csv
4,16,Index_146,m_2_Weather\2_SpatialModel\Big_Beef_30m_800m_Historic__PRISM_1981_2021\Site146_X_90_Y_317_1981_2021.csv
6,16,Index_147,m_2_Weather\2_SpatialModel\Big_Beef_30m_800m_Historic__PRISM_1981_2021\Site147_X_117_Y_317_1981_2021.csv
7,16,Index_148,m_2_Weather\2_SpatialModel\Big_Beef_30m_800m_Historic__PRISM_1981_2021\Site148_X_144_Y_317_1981_2021.csv
8,16,Index_149,m_2_Weather\2_SpatialModel\Big_Beef_30m_800m_Historic__PRISM_1981_2021\Site149_X_170_Y_317_1981_2021.csv
10,16,Index_150,m_2_Weather\2_SpatialModel\Big_Beef_30m_800m_Historic__PRISM_1981_2021\Site150_X_197_Y_317_1981_2021.csv
11,16,Index_151,m_2_Weather\2_SpatialModel\Big_Beef_30m_800m_Historic__PRISM_1981_2021\Site151_X_224_Y_317_1981_2021.csv
13,16,Index_152,m_2_Weather\2_SpatialModel\Big_Beef_30m_800m_Historic__PRISM_1981_2021\Site152_X_250_Y_317_1981_2021.csv
14,16,Index_153,m_2_Weather\2_SpatialModel\Big_Beef_30m_800m_Historic__PRISM_1981_2021\Site153_X_277_Y_317_1981_2021.csv
16,16,Index_154,m_2_Weather\2_SpatialModel\Big_Beef_30m_800m_Historic__PRISM_1981_2021\Site154_X_304_Y_317_1981_2021.csv
17,16,Index_155,m_2_Weather\2_SpatialModel\Big_Beef_30m_800m_Historic__PRISM_1981_2021\Site155_X_330_Y_317_1981_2021.csv
0,18,Index_156,m_2_Weather\2_SpatialModel\Big_Beef_30m_800m_Historic__PRISM_1981_2021\Site156_X_10_Y_344_1981_2021.csv
1,18,Index_157,m_2_Weather\2_SpatialModel\Big_Beef_30m_800m_Historic__PRISM_1981_2021\Site157_X_37_Y_344_1981_2021.csv
3,18,Index_158,m_2_Weather\2_SpatialModel\Big_Beef_30m_800m_Historic__PRISM_1981_2021\Site158_X_64_Y_344_1981_2021.csv
4,18,Index_159,m_2_Weather\2_SpatialModel\Big_Beef_30m_800m_Historic__PRISM_1981_2021\Site159_X_90_Y_344_1981_2021.csv
6,18,Index_160,m_2_Weather\2_SpatialModel\Big_Beef_30m_800m_Historic__PRISM_1981_2021\Site160_X_117_Y_344_1981_2021.csv
7,18,Index_161,m_2_Weather\2_SpatialModel\Big_Beef_30m_800m_Historic__PRISM_1981_2021\Site161_X_144_Y_344_1981_2021.csv
8,18,Index_162,m_2_Weather\2_SpatialModel\Big_Beef_30m_800m_Historic__PRISM_1981_2021\Site162_X_170_Y_344_1981_2021.csv
10,18,Index_163,m_2_Weather\2_SpatialModel\Big_Beef_30m_800m_Historic__PRISM_1981_2021\Site163_X_197_Y_344_1981_2021.csv
11,18,Index_164,m_2_Weather\2_SpatialModel\Big_Beef_30m_800m_Historic__PRISM_1981_2021\Site164_X_224_Y_344_1981_2021.csv
13,18,Index_165,m_2_Weather\2_SpatialModel\Big_Beef_30m_800m_Historic__PRISM_1981_2021\Site165_X_250_Y_344_1981_2021.csv
14,18,Index_166,m_2_Weather\2_SpatialModel\Big_Beef_30m_800m_Historic__PRISM_1981_2021\Site166_X_277_Y_344_1981_2021.csv
16,18,Index_167,m_2_Weather\2_SpatialModel\Big_Beef_30m_800m_Historic__PRISM_1981_2021\Site167_X_304_Y_344_1981_2021.csv
17,18,Index_168,m_2_Weather\2_SpatialModel\Big_Beef_30m_800m_Historic__PRISM_1981_2021\Site168_X_330_Y_344_1981_2021.csv
0,19,Index_169,m_2_Weather\2_SpatialModel\Big_Beef_30m_800m_Historic__PRISM_1981_2021\Site169_X_10_Y_370_1981_2021.csv
1,19,Index_170,m_2_Weather\2_SpatialModel\Big_Beef_30m_800m_Historic__PRISM_1981_2021\Site170_X_37_Y_370_1981_2021.csv
3,19,Index_171,m_2_Weather\2_SpatialModel\Big_Beef_30m_800m_Historic__PRISM_1981_2021\Site171_X_64_Y_370_1981_2021.csv
4,19,Index_172,m_2_Weather\2_SpatialModel\Big_Beef_30m_800m_Historic__PRISM_1981_2021\Site172_X_90_Y_370_1981_2021.csv
6,19,Index_173,m_2_Weather\2_SpatialModel\Big_Beef_30m_800m_Historic__PRISM_1981_2021\Site173_X_117_Y_370_1981_2021.csv
7,19,Index_174,m_2_Weather\2_SpatialModel\Big_Beef_30m_800m_Historic__PRISM_1981_2021\Site174_X_144_Y_370_1981_2021.csv
8,19,Index_175,m_2_Weather\2_SpatialModel\Big_Beef_30m_800m_Historic__PRISM_1981_2021\Site175_X_170_Y_370_1981_2021.csv
10,19,Index_176,m_2_Weather\2_SpatialModel\Big_Beef_30m_800m_Historic__PRISM_1981_2021\Site176_X_197_Y_370_1981_2021.csv
11,19,Index_177,m_2_Weather\2_SpatialModel\Big_Beef_30m_800m_Historic__PRISM_1981_2021\Site177_X_224_Y_370_1981_2021.csv
13,19,Index_178,m_2_Weather\2_SpatialModel\Big_Beef_30m_800m_Historic__PRISM_1981_2021\Site178_X_250_Y_370_1981_2021.csv
14,19,Index_179,m_2_Weather\2_SpatialModel\Big_Beef_30m_800m_Historic__PRISM_1981_2021\Site179_X_277_Y_370_1981_2021.csv
16,19,Index_180,m_2_Weather\2_SpatialModel\Big_Beef_30m_800m_Historic__PRISM_1981_2021\Site180_X_304_Y_370_1981_2021.csv
17,19,Index_181,m_2_Weather\2_SpatialModel\Big_Beef_30m_800m_Historic__PRISM_1981_2021\Site181_X_330_Y_370_1981_2021.csv
0,20,Index_182,m_2_Weather\2_SpatialModel\Big_Beef_30m_800m_Historic__PRISM_1981_2021\Site182_X_10_Y_397_1981_2021.csv
1,20,Index_183,m_2_Weather\2_SpatialModel\Big_Beef_30m_800m_Historic__PRISM_1981_2021\Site183_X_37_Y_397_1981_2021.csv
3,20,Index_184,m_2_Weather\2_SpatialModel\Big_Beef_30m_800m_Historic__PRISM_1981_2021\Site184_X_64_Y_397_1981_2021.csv
4,20,Index_185,m_2_Weather\2_SpatialModel\Big_Beef_30m_800m_Historic__PRISM_1981_2021\Site185_X_90_Y_397_1981_2021.csv
6,20,Index_186,m_2_Weather\2_SpatialModel\Big_Beef_30m_800m_Historic__PRISM_1981_2021\Site186_X_117_Y_397_1981_2021.csv
7,20,Index_187,m_2_Weather\2_SpatialModel\Big_Beef_30m_800m_Historic__PRISM_1981_2021\Site187_X_144_Y_397_1981_2021.csv
8,20,Index_188,m_2_Weather\2_SpatialModel\Big_Beef_30m_800m_Historic__PRISM_1981_2021\Site188_X_170_Y_397_1981_2021.csv
10,20,Index_189,m_2_Weather\2_SpatialModel\Big_Beef_30m_800m_Historic__PRISM_1981_2021\Site189_X_197_Y_397_1981_2021.csv
11,20,Index_190,m_2_Weather\2_SpatialModel\Big_Beef_30m_800m_Historic__PRISM_1981_2021\Site190_X_224_Y_397_1981_2021.csv
13,20,Index_191,m_2_Weather\2_SpatialModel\Big_Beef_30m_800m_Historic__PRISM_1981_2021\Site191_X_250_Y_397_1981_2021.csv
14,20,Index_192,m_2_Weather\2_SpatialModel\Big_Beef_30m_800m_Historic__PRISM_1981_2021\Site192_X_277_Y_397_1981_2021.csv
16,20,Index_193,m_2_Weather\2_SpatialModel\Big_Beef_30m_800m_Historic__PRISM_1981_2021\Site193_X_304_Y_397_1981_2021.csv
17,20,Index_194,m_2_Weather\2_SpatialModel\Big_Beef_30m_800m_Historic__PRISM_1981_2021\Site194_X_330_Y_397_1981_2021.csv
